<?xml version="1.0" encoding="utf-8" standalone="yes"?>
<rss version="2.0" xmlns:atom="http://www.w3.org/2005/Atom" xmlns:content="http://purl.org/rss/1.0/modules/content/">
  <channel>
    <title>Tags on My New Hugo Site</title>
    <link>https://www.groenewoud.ch/tags/</link>
    <description>Recent content in Tags on My New Hugo Site</description>
    <generator>Hugo -- 0.147.7</generator>
    <language>en-us</language>
    <lastBuildDate>Wed, 04 Jun 2025 07:58:34 +0200</lastBuildDate>
    <atom:link href="https://www.groenewoud.ch/tags/index.xml" rel="self" type="application/rss+xml" />
    <item>
      <title>Ad Blocking</title>
      <link>https://www.groenewoud.ch/tags/ad-blocking/</link>
      <pubDate>Wed, 04 Jun 2025 07:58:34 +0200</pubDate>
      <guid>https://www.groenewoud.ch/tags/ad-blocking/</guid>
      <description></description>
    </item>
    <item>
      <title>Controld</title>
      <link>https://www.groenewoud.ch/tags/controld/</link>
      <pubDate>Wed, 04 Jun 2025 07:58:34 +0200</pubDate>
      <guid>https://www.groenewoud.ch/tags/controld/</guid>
      <description></description>
    </item>
    <item>
      <title>DNS</title>
      <link>https://www.groenewoud.ch/tags/dns/</link>
      <pubDate>Wed, 04 Jun 2025 07:58:34 +0200</pubDate>
      <guid>https://www.groenewoud.ch/tags/dns/</guid>
      <description></description>
    </item>
    <item>
      <title>Ubiquiti</title>
      <link>https://www.groenewoud.ch/tags/ubiquiti/</link>
      <pubDate>Wed, 04 Jun 2025 07:58:34 +0200</pubDate>
      <guid>https://www.groenewoud.ch/tags/ubiquiti/</guid>
      <description></description>
    </item>
    <item>
      <title>Unifi</title>
      <link>https://www.groenewoud.ch/tags/unifi/</link>
      <pubDate>Wed, 04 Jun 2025 07:58:34 +0200</pubDate>
      <guid>https://www.groenewoud.ch/tags/unifi/</guid>
      <description></description>
    </item>
  </channel>
</rss>
